<?xml version="1.0" encoding="UTF-8"?>
<configuration>
   <appender name="consoleAppender" class="ch.qos.logback.core.ConsoleAppender">
      <encoder>
         <Pattern>%date [%thread] %-5level %logger{36} - %msg %n </Pattern>
      </encoder>
      <filter class="ch.qos.logback.classic.filter.ThresholdFilter">
         <level>TRACE</level>
      </filter>
   </appender>

   <logger name="com.newrelic.alerts" additivity="false">
      <!-- log levels: ERROR WARN INFO DEBUG TRACE -->
      <level value="INFO" />
      <appender-ref ref="consoleAppender" />
   </logger>
   
   <logger name="com.newrelic.fit.mesos" additivity="false">
      <level value="WARN" />
      <appender-ref ref="consoleAppender" />
   </logger>

   <root>
      <level value="WARN" />
      <appender-ref ref="consoleAppender" />
   </root>
</configuration>
