{
	"agents": [
		{
			"name": "Marathon 1",
			"type": "com.newrelic.fit.mesos.monitors.Marathon",
			"url": "http://54.197.28.175:8080/metrics",
			"excludesFile": "config/mesos.excludes"
		},
		{
			"name": "Mesos Master 1",
			"type": "com.newrelic.fit.mesos.monitors.MesosMaster",
			"url": "http://54.197.28.175:5050/metrics/snapshot",
			"excludesFile": "config/mesos.excludes"
		},
		{
			"name": "Mesos Agent 1",
			"type": "com.newrelic.fit.mesos.monitors.MesosAgent",
			"url": "http://54.197.28.175:5051/metrics/snapshot",
			"excludesFile": "config/mesos.excludes"
		}
	]
}